name,total_points,saves,conceded,creativity,influence,threat,bonus,BPS,ICT_index,clean_sheets,position
Bruno Fernandes,244,0,36,1414.9,1292.6,1253,36,870,396.2,13,MID
Harry Kane,242,0,39,659.1,1318.2,1585,40,880,355.9,12,FWD
Mohamed Salah,231,0,41,825.7,1056.0,1980,21,657,385.8,11,MID
Heung-Min Son,228,0,36,1049.9,1052.2,1046,26,777,315.2,13,MID
Patrick Bamford,194,0,50,371.0,867.2,1512,26,631,274.6,10,FWD
Jamie Vardy,187,0,44,356.6,819.2,1306,23,649,248.3,8,FWD
Emiliano Martinez,186,142,46,20.0,1067.2,0,27,825,108.5,15,GK
Sadio Mane,176,0,28,809.7,808.8,1535,14,513,315.5,12,MID
Marcus Rashford,174,0,39,682.1,793.2,1127,9,535,260.3,12,MID
Stuart Dallas,171,0,53,454.6,756.8,527,15,726,174.2,12,DEF
Ollie Watkins,168,0,46,610.4,815.4,1721,18,531,314.0,14,FWD
Dominic Calvert-Lewin,165,0,39,308.0,745.8,1439,21,528,249.0,11,FWD
Andrew Robertson,161,0,42,1129.3,754.4,359,19,834,224.5,12,DEF
Trent Alexander-Arnold,160,0,40,1238.8,789.6,529,26,761,255.7,10,DEF
Ederson Moares,160,66,28,10.0,586.0,0,3,696,59.6,19,GK
Jack Harrison,160,0,45,821.7,759.2,666,15,542,225.2,11,MID
Ilkay Gundogan,157,0,16,688.4,754.6,712,22,620,215.7,12,MID
James Ward-Prowse,156,0,68,971.2,940.0,355,17,772,226.5,9,MID
Illan Meslier,154,140,52,10.0,1026.0,0,20,774,103.7,11,GK
Raheem Sterling,154,0,23,584.1,663.4,1366,10,458,260.3,14,MID
Aaron Cresswell,153,0,41,898.6,669.4,96,21,730,166.8,11,DEF
Matheus Pereira,153,0,58,873.6,744.0,661,15,565,227.9,6,MID
Hugo Lloris,149,114,45,0.0,868.0,0,13,702,86.7,12,GK
Mason Mount,147,0,32,1336.9,770.4,954,16,599,306.3,14,MID
Tomas Soucek,147,0,47,271.1,889.8,925,16,555,208.8,11,MID
Riyad Mahrez,145,0,22,693.6,606.0,893,15,505,219.1,11,MID
Aaron Wan-Bissaka,144,0,36,498.2,785.4,159,11,729,144.1,13,DEF
Nick Pope,144,114,37,20.0,846.6,2,20,652,86.8,11,GK
Ruben Dias,142,0,21,91.0,651.6,218,12,656,96.3,17,DEF
Roberto Firmino,141,0,39,643.2,729.4,1415,15,615,278.8,10,FWD
Jarrod Bowen,141,0,33,493.5,529.8,812,8,434,183.7,9,MID
Kevin De Bruyne,141,0,17,1170.1,760.8,914,19,566,284.7,12,MID
Alisson Becker,140,84,32,0.1,776.4,17,13,660,79.4,10,GK
Sam Johnstone,140,166,74,10.0,1213.6,0,19,768,122.4,6,GK
Edouard Mendy,140,57,25,0.0,470.2,0,8,613,47.2,16,GK
Benjamin Chilwell,139,0,23,535.8,545.0,408,11,549,148.5,12,DEF
Joao Cancelo,138,0,21,673.0,569.8,394,18,610,163.7,14,DEF
Matt Targett,138,0,44,607.0,690.4,122,9,710,142.2,16,DEF
Chris Wood,138,0,43,323.2,595.8,1129,16,395,204.0,9,FWD
Che Adams,137,0,51,488.6,581.8,964,16,443,203.4,7,FWD
Wilfried Zaha,136,0,52,428.5,572.6,1003,11,362,200.4,6,MID
Phil Foden,135,0,16,545.8,580.8,734,17,479,186.0,6,MID
Jack Grealish,135,0,28,1029.6,707.4,917,13,531,265.3,12,MID
Bertrand Traore,135,0,31,530.6,528.4,917,7,407,197.6,11,MID
Callum Wilson,134,0,37,230.4,557.4,761,22,409,154.7,5,FWD
Lukasz Fabianski,133,103,44,0.0,745.2,0,11,634,74.4,10,GK
Raphael Dias Belloli,133,0,34,889.3,719.6,902,11,489,251.3,9,MID
James Maddison,133,0,28,770.3,588.4,668,12,473,202.5,10,MID
Youri Tielemans,133,0,50,788.2,840.4,462,11,633,209.1,11,MID
Rui Pedro Patricio,132,100,51,0.0,763.6,0,12,626,76.1,10,GK
Leandro Trossard,132,0,30,725.1,543.4,759,15,406,202.8,12,MID
Danny Ings,131,0,40,300.7,634.6,866,21,464,178.4,6,FWD
Bernd Leno,131,86,37,0.0,702.2,2,11,625,70.3,11,GK
Pierre-Emerick Aubameyang,131,0,26,361.5,493.8,823,11,358,167.4,10,MID
Lewis Dunk,130,0,40,136.7,720.4,443,17,626,130.2,11,DEF
Alexandre Lacazette,129,0,21,307.4,602.4,797,21,452,170.4,7,FWD
Vladimir Coufal,128,0,43,670.9,693.8,220,12,625,158.7,9,DEF
Tyrone Mings,128,0,42,97.3,798.4,293,8,633,119.3,14,DEF
John Stones,128,0,12,79.8,520.0,192,11,531,79.0,14,DEF
Timo Werner,128,0,29,532.4,514.8,1276,7,394,232.5,13,FWD
Kasper Schmeichel,128,88,50,0.0,769.0,0,6,631,76.9,11,GK
Michael Keane,127,0,43,87.8,814.0,243,13,649,114.5,11,DEF
Harvey Barnes,126,0,25,359.0,556.4,810,13,348,172.7,7,MID
Eberechi Eze,125,0,51,653.1,516.2,383,17,470,155.4,6,MID
Pablo Fornals,125,0,33,441.3,491.8,631,10,430,156.5,9,MID
Harry Maguire,124,0,36,133.6,701.4,428,8,632,126.3,13,DEF
Luke Shaw,124,0,33,1085.9,596.0,243,22,640,192.8,10,DEF
Alphonse Areola,124,116,48,0.0,876.2,0,9,637,87.4,9,GK
Vicente Guaita,124,106,64,0.0,819.4,0,15,639,82.2,8,GK
Pedro Lomba Neto,124,0,38,1007.3,594.2,722,10,492,232.5,9,MID
Richarlison de Andrade,123,0,38,359.7,576.4,1147,18,415,208.3,11,FWD
Aaron Ramsdale,123,146,63,20.0,1023.0,4,12,685,104.7,5,GK
Gylfi Sigurdsson,122,0,29,644.2,530.6,510,13,443,168.8,10,MID
Lucas Digne,120,0,42,704.2,592.6,136,18,590,143.5,9,DEF
Ezri Konsa Ngoyo,119,0,46,34.2,695.6,276,8,580,101.0,12,DEF
Michail Antonio,118,0,25,349.1,517.8,1038,19,345,190.1,6,FWD
Pascal Gross,116,0,28,1087.8,620.4,415,11,525,212.3,10,MID
Gabriel Fernando de Jesus,115,0,17,467.5,501.0,931,16,453,190.0,11,FWD
Stuart Armstrong,115,0,56,496.7,541.2,457,4,455,149.4,8,MID
Jordan Pickford,114,90,39,10.1,698.4,0,8,570,70.9,10,GK
Jorge Luiz Frello Filho,114,0,17,383.5,588.8,175,15,485,114.9,14,MID
John McGinn,114,0,46,600.5,579.0,361,2,492,154.1,14,MID
Nicolas Pepe,114,0,21,235.9,476.2,774,11,351,148.5,4,MID
Bukayo Saka,114,0,31,650.6,493.0,984,8,414,212.7,8,MID
Cesar Azpilicueta,113,0,20,413.3,502.2,164,12,518,107.9,13,DEF
Gareth Bale,113,0,12,306.5,550.8,507,16,366,136.4,5,MID
Dwight McNeil,113,0,50,790.3,591.8,277,8,493,166.3,11,MID
Reece James,112,0,29,697.3,527.4,399,15,572,162.8,9,DEF
Ashley Westwood,112,0,55,843.2,559.2,156,5,585,156.1,11,MID
Anwar El Ghazi,111,0,22,426.1,500.4,726,13,339,165.1,5,MID
Ezgjan Alioski,110,0,35,423.0,477.8,281,7,449,118.5,10,DEF
Kelechi Iheanacho,110,0,23,413.9,540.2,814,18,424,176.5,5,FWD
Jonny Evans,109,0,31,129.0,532.4,115,12,536,77.9,10,DEF
Nelson Semedo,109,0,45,412.9,595.2,297,11,548,130.7,9,DEF
James Tarkowski,109,0,50,148.0,773.4,350,9,534,127.7,11,DEF
Kurt Zouma,108,0,25,72.6,577.8,339,6,481,99.0,9,DEF
Pierre-Emile Hojbjerg,107,0,45,308.7,728.8,146,6,578,118.4,12,MID
Ademola Lookman,107,0,33,884.6,514.2,928,8,367,232.7,10,MID
Conor Coady,106,0,51,40.1,692.2,85,7,606,82.0,10,DEF
Christian Benteke,106,0,34,236.5,512.6,1030,14,338,177.7,5,FWD
Mason Greenwood,106,0,23,278.7,370.8,881,9,318,152.7,7,MID
Jesse Lingard,106,0,19,288.2,487.0,530,15,332,130.4,4,MID
Rob Holding,105,0,26,76.1,602.6,97,10,536,77.7,11,DEF
Neal Maupay,105,0,34,443.2,442.2,1103,12,334,198.5,10,FWD
Ben White,104,0,44,152.5,488.6,153,5,571,79.7,12,DEF
Ruben Neves,104,0,42,455.0,697.2,445,10,502,159.9,8,MID
Matthew Lowton,103,0,47,380.8,551.2,125,6,545,105.8,10,DEF
Ola Aina,102,0,36,248.8,483.6,144,8,477,87.7,8,DEF
Victor Lindelof,102,0,30,102.6,503.0,56,3,527,66.4,10,DEF
Ben Mee,102,0,41,71.6,691.0,312,7,500,107.9,10,DEF
James Justin,101,0,25,290.7,472.2,195,13,447,96.0,9,DEF
Robert Sanchez,101,66,27,10.0,542.2,4,8,514,55.8,10,GK
James Rodriguez,101,0,27,585.6,499.2,399,11,432,148.7,5,MID
Tosin Adarabioyo,100,0,41,70.1,673.8,223,11,571,97.1,9,DEF
Luke Ayling,100,0,54,421.4,843.2,350,2,665,161.6,12,DEF
Ben Godfrey,100,0,35,84.3,610.4,152,7,537,84.8,11,DEF
Angelo Ogbonna,100,0,34,56.4,489.8,244,5,461,79.1,9,DEF
David McGoldrick,100,0,37,320.2,464.4,860,12,344,164.6,9,FWD
Romain Saiss,99,0,40,101.2,584.6,347,11,466,103.4,8,DEF
Edinson Cavani,99,0,18,203.3,443.4,513,14,367,115.0,4,FWD
Mateusz Klich,99,0,44,661.4,464.6,333,3,407,145.7,8,MID
Tanguy Ndombele,99,0,24,270.8,408.0,281,7,407,96.2,12,MID
Miguel Almiron,97,0,48,447.3,452.6,425,8,367,132.6,5,MID
Georginio Wijnaldum,97,0,39,387.0,358.2,307,3,482,105.1,10,MID
Kieran Tierney,96,0,27,490.1,446.4,201,4,483,113.9,8,DEF
Joel Veltman,96,0,27,366.0,484.4,169,10,432,102.1,9,DEF
Ferran Torres,95,0,13,276.4,352.2,543,4,265,117.0,7,MID
Jan Bednarek,94,0,62,75.0,692.0,164,11,584,93.1,9,DEF
Hector Bellerin,94,0,24,351.8,362.8,232,17,421,94.7,7,DEF
Timothy Castagne,94,0,37,350.2,486.6,181,7,479,101.7,6,DEF
Alex McCarthy,94,93,57,0.0,741.2,0,8,527,74.0,7,GK
Bernardo Silva,94,0,18,476.2,399.6,463,9,413,134.1,11,MID
Andros Townsend,94,0,37,694.6,511.4,311,8,378,152.1,7,MID
Adama Traore,94,0,41,751.0,475.4,645,5,359,187.2,7,MID
Joachim Andersen,93,0,36,109.3,582.8,151,7,501,84.5,9,DEF
Antonio Rudiger,93,0,10,83.8,368.6,201,9,429,65.4,11,DEF
Kyle Walker-Peters,93,0,41,262.2,497.6,316,7,498,107.5,9,DEF
Thiago Silva,92,0,25,84.9,537.8,223,10,481,84.5,10,DEF
Paul Pogba,92,0,26,376.0,451.4,401,11,355,122.5,5,MID
Kyle Walker,91,0,20,200.9,332.2,88,7,410,62.1,9,DEF
David de Gea,91,60,32,0.0,464.2,0,4,416,46.4,9,GK
Kai Havertz,91,0,15,307.7,325.0,514,3,268,114.2,8,MID
Rodrigo Hernandez,91,0,27,546.3,640.6,335,5,531,152.4,13,MID
Scott McTominay,91,0,25,270.5,523.2,314,4,413,110.9,9,MID
Matthew Cash,89,0,35,352.9,520.8,110,8,468,98.7,11,DEF
Sergio Reguilon,89,0,31,309.4,361.2,253,4,413,92.5,8,DEF
Rodrigo Moreno,89,0,21,409.7,398.4,617,16,341,142.4,3,FWD
Danny Welbeck,89,0,18,269.7,319.8,595,15,286,117.7,6,FWD
Toby Alderweireld,88,0,25,106.5,559.8,178,4,469,84.6,10,DEF
Bobby Decordova-Reid,88,0,32,254.1,384.8,503,6,343,114.1,9,FWD
Jannik Vestergaard,86,0,47,102.1,671.8,294,4,494,106.7,6,DEF
Diogo Jota,86,0,15,188.3,387.4,680,9,228,125.7,4,MID
Declan Rice,86,0,37,343.8,561.2,303,2,520,121.3,11,MID
Adam Webster,85,0,35,96.6,505.4,244,0,470,84.6,9,DEF
Ivan Ricardo Neves Abreu Cavaleiro,85,0,43,647.2,347.0,530,4,261,152.5,7,MID
Allan Saint-Maximin,85,0,26,394.2,376.0,418,5,278,118.9,7,MID
Charlie Taylor,83,0,42,248.5,494.4,52,5,451,79.5,8,DEF
Cheikhou Kouyate,82,0,56,103.0,574.8,134,2,438,81.3,8,MID
Christian Pulisic,82,0,21,378.8,361.4,724,3,264,146.2,7,MID
Seamus Coleman,81,0,19,268.2,322.6,189,4,371,78.0,8,DEF
Serge Aurier,80,0,22,267.6,412.2,194,4,370,87.4,6,DEF
Mason Holgate,80,0,32,126.0,432.2,80,4,426,64.1,9,DEF
Karl Darlow,80,88,43,0.0,682.4,0,6,450,68.3,4,GK
Abdoulaye Doucoure,80,0,36,319.4,433.8,267,2,421,102.1,9,MID
Lucas Moura,80,0,18,258.4,322.4,298,5,238,87.7,4,MID
Kyle Bartley,79,0,53,82.3,675.4,252,3,429,101.0,5,DEF
Darnell Furlong,79,0,63,275.0,474.4,276,2,393,102.7,6,DEF
Yerry Mina,79,0,22,23.5,496.2,200,7,399,72.3,6,DEF
Callum Robinson,79,0,42,251.3,259.0,365,8,276,86.6,3,FWD
Wilfred Ndidi,79,0,31,234.5,549.2,78,11,430,86.2,7,MID
Joseph Willock,79,0,18,137.2,436.6,401,5,254,97.3,4,MID
Ryan Bertrand,78,0,51,271.8,306.8,135,4,404,71.4,8,DEF
Gabriel Maghalaes,78,0,24,51.0,464.8,233,7,385,74.9,6,DEF
Marc Albrighton,78,0,22,544.2,412.6,282,3,325,123.9,4,MID
Willian Borges Da Silva,78,0,17,534.8,256.2,228,9,306,102.3,3,MID
Eric Dier,77,0,34,82.2,577.0,114,2,463,77.4,8,DEF
Yves Bissouma,77,0,42,295.5,523.6,196,2,487,101.1,11,MID
Leander Dendoncker,77,0,33,261.4,386.4,343,2,330,99.2,11,MID
Conor Townsend,76,0,36,343.8,440.2,154,8,402,93.7,6,DEF
Ross Barkley,76,0,24,579.3,274.2,431,4,286,128.6,8,MID
Theo Walcott,76,0,28,248.0,269.8,366,2,185,88.0,5,MID
Andre Frank Zambo Anguissa,76,0,40,409.4,507.6,312,4,391,123.1,6,MID
Craig Dawson,75,0,25,30.2,433.6,219,3,336,68.4,7,DEF
Anthony Martial,75,0,23,265.4,297.6,709,3,238,126.8,4,FWD
Daniel Castelo Podence,75,0,24,322.0,285.6,456,5,240,106.2,8,MID
Joelinton de Lira,74,0,36,250.1,357.0,612,5,258,122.2,3,FWD
Josh Brownhill,74,0,42,309.1,350.4,384,0,359,104.5,10,MID
Jonjo Shelvey,74,0,46,522.1,474.2,299,2,377,129.6,6,MID
Emile Smith Rowe,74,0,10,385.1,273.2,222,3,308,88.1,9,MID
Said Benrahma,73,0,19,371.9,301.0,371,4,255,104.6,3,MID
Joao Santos Moutinho,73,0,40,726.9,478.4,113,4,446,132.2,6,MID
Fabio Silva,72,0,29,166.1,238.2,758,5,198,114.9,0,FWD
Douglas Luiz Soares de Paulo,72,0,41,304.5,403.4,189,0,358,90.0,12,MID
Wesley Fofana,71,0,30,107.8,502.0,121,5,464,73.4,7,DEF
Pascal Struijk,71,0,32,66.3,513.0,222,2,402,80.1,7,DEF
Conor Gallagher,71,0,48,320.1,437.2,276,3,322,103.2,5,MID
Fabio Henrique Tavares,71,0,29,106.8,460.4,75,2,421,64.6,11,MID
Jordan Ayew,70,0,42,238.6,278.6,451,2,216,96.6,6,FWD
John Fleck,70,0,47,530.8,351.0,154,1,353,103.7,5,MID
Granit Xhaka,70,0,27,327.6,456.0,154,1,396,94.0,10,MID
Hakim Ziyech,70,0,7,485.6,274.8,369,8,239,112.8,10,MID
Oleksandr Zinchenko,69,0,14,295.7,272.0,134,5,353,70.3,8,DEF
Tammy Abraham,69,0,12,121.6,277.2,483,8,224,86.6,5,FWD
Solomon March,69,0,25,414.3,368.6,322,6,283,110.5,7,MID
Jacob Murphy,69,0,33,280.8,363.4,289,7,252,93.2,3,MID
Matt Phillips,69,0,42,388.2,290.0,319,3,234,99.9,3,MID
Harrison Reed,69,0,35,330.4,421.2,82,0,391,83.5,9,MID
Frederico Rodrigues de Paula Santos,69,0,25,395.6,482.6,200,1,404,108.0,12,MID
Willy Boly,68,0,29,46.1,414.0,182,4,364,64.2,6,DEF
Ainsley Maitland-Niles,68,0,23,128.9,218.2,142,1,273,48.8,6,DEF
Nathaniel Phillips,68,0,11,90.6,376.4,132,1,325,60.1,7,DEF
Kalvin Phillips,67,0,34,539.3,535.4,82,2,396,115.8,9,MID
Nathan Redmond,67,0,39,400.4,297.0,477,3,243,117.1,1,MID
Joel Ward,66,0,43,118.2,366.8,28,6,353,51.3,7,DEF
Ruben Loftus-Cheek,66,0,22,274.2,201.6,439,0,178,91.4,11,MID
Fernando Luiz Rosa,65,0,10,220.8,248.6,106,8,303,57.6,7,DEF
Alex Iwobi,65,0,21,263.1,262.6,233,1,256,76.0,5,MID
Jeffrey Schlupp,65,0,26,242.1,336.6,304,3,194,88.2,5,MID
Dan Burn,64,0,28,183.1,389.0,214,1,330,78.2,6,DEF
Jairo Riedewald,64,0,39,160.4,274.0,88,4,249,52.4,4,MID
George Baldock,63,0,51,310.7,351.4,234,2,347,89.7,4,DEF
Benjamin Mendy,63,0,10,117.1,179.8,89,8,222,38.4,5,DEF
Aleksandar Mitrovic,63,0,24,323.8,245.6,697,7,178,124.9,1,FWD
Helder Costa,63,0,23,134.3,224.2,289,2,162,64.7,3,MID
Luka Milivojevic,63,0,47,329.6,410.8,143,3,332,88.4,7,MID
Matej Vydra,62,0,24,194.0,197.4,491,2,194,87.3,3,FWD
Daniel Ceballos,62,0,17,422.3,359.8,141,7,331,92.4,6,MID
N'Golo Kante,62,0,24,347.3,449.0,96,0,375,89.7,10,MID
Andreas Christensen,61,0,17,80.9,293.4,34,9,323,40.9,8,DEF
Liam Cooper,59,0,41,17.7,620.4,259,2,454,89.8,6,DEF
Calgar Soyuncu,59,0,30,114.4,403.6,157,3,360,67.7,5,DEF
Callum Hudson-Odoi,59,0,5,471.5,291.8,336,2,239,109.9,6,MID
Max Kilman,58,0,11,67.4,249.6,78,8,258,39.4,5,DEF
Aymeric Laporte,58,0,10,78.0,233.4,85,4,286,39.6,7,DEF
Tyrick Mitchell,58,0,32,76.8,387.6,60,5,287,52.5,4,DEF
Adam Lallana,58,0,18,355.7,255.2,302,2,265,91.0,5,MID
Ayoze Perez,58,0,21,323.6,255.6,482,2,149,106.1,5,MID
Marcos Alonso,57,0,13,204.1,224.2,328,5,225,75.6,5,DEF
John Egan,57,0,48,50.9,544.6,150,4,410,74.5,4,DEF
Antonee Robinson,57,0,28,475.8,451.4,178,1,393,110.8,5,DEF
Mbaye Diagne,57,0,17,130.8,180.0,346,3,134,65.2,4,FWD
Enda Stevens,56,0,54,294.5,443.4,198,2,361,93.6,4,DEF
Jordan Henderson,56,0,23,262.3,358.0,108,2,345,72.9,4,MID
Mahmoud Ahmed Ibrahim Hassan,56,0,14,180.1,213.6,478,3,152,86.7,6,MID
Thiago Alcantara,55,0,18,460.3,378.8,178,1,331,101.9,8,MID
Steven Bergwijn,55,0,15,190.9,161.4,180,2,129,52.8,5,MID
Mario Lemina,55,0,27,169.5,294.0,134,3,267,59.9,3,MID
Rayan Ait Nouri,54,0,23,234.5,243.2,196,6,264,67.4,3,DEF
Patrick van Aanholt,54,0,36,195.3,298.6,198,5,313,69.1,4,DEF
Jay Rodriguez,54,0,25,97.4,149.8,449,2,125,68.9,4,FWD
Mateo Kovacic,54,0,26,384.8,332.4,153,0,332,87.0,9,MID
Oliver Norwood,54,0,43,516.0,415.8,57,0,355,99.1,5,MID
Gary Cahill,53,0,39,90.1,406.2,157,6,308,65.7,4,DEF
Federico Fernandez,53,0,38,91.3,522.0,64,6,376,67.5,5,DEF
Ben Davies,52,0,16,136.8,232.8,65,1,253,43.4,4,DEF
Ashley Barnes,52,0,19,243.6,153.8,548,7,107,93.8,6,FWD
Jeff Hendrick,52,0,24,99.0,211.4,95,3,177,40.3,3,MID
Matt Ritchie,52,0,22,411.9,225.8,101,5,226,73.8,3,MID
Oriol Romeu Vidal,52,0,25,229.1,349.2,98,4,264,67.6,6,MID
Oluwasemilogo Ajayi,51,0,71,88.3,574.8,202,2,342,86.4,1,DEF
Chris Basham,51,0,51,202.3,513.6,160,2,408,87.6,2,DEF
Ben Osborn,51,0,29,325.6,263.4,171,3,246,76.3,4,MID
Diego Llorente,50,0,12,51.0,293.0,115,3,255,46.0,4,DEF
Erik Pieters,50,0,19,77.0,199.4,63,5,203,34.0,3,DEF
Kenny Tete,50,0,27,312.4,330.8,98,3,288,74.2,5,DEF
Mohamed Naser El Sayed Elneny,50,0,20,99.9,200.2,79,3,258,37.8,5,MID
Johann Berg Gudmundsson,50,0,24,160.8,193.6,170,3,175,52.3,3,MID
Curtis Jones,50,0,14,233.4,224.6,289,0,226,74.8,5,MID
Tyler Roberts,49,0,19,239.0,189.4,296,0,169,72.5,4,MID
Martin Dubravka,48,45,19,0.0,346.8,0,6,255,34.6,3,GK
John Lundstram,48,0,41,346.9,245.4,206,2,244,79.3,3,MID
Alexis Mac Allister,48,0,14,210.6,170.6,235,3,148,61.5,5,MID
Takumi Minamino,48,0,18,92.3,168.2,281,2,153,54.0,2,MID
Andre Tavares Gomes,48,0,22,244.5,189.0,103,0,224,53.0,5,MID
Matt Doherty,47,0,15,182.4,257.2,79,4,222,52.0,4,DEF
Olivier Giroud,47,0,5,112.0,161.4,403,6,139,67.2,4,FWD
Tom Davies,47,0,23,112.0,205.6,30,1,209,34.7,5,MID
Allan Marques Loureiro,47,0,30,233.3,366.6,42,0,290,64.4,7,MID
Thomas Partey,47,0,18,195.7,289.4,129,0,273,61.7,6,MID
Ciaran Clark,46,0,35,29.8,402.6,105,2,291,53.9,3,DEF
Oliver Burke,46,0,21,191.8,113.8,364,0,114,65.9,1,MID
Moussa Djenepo,46,0,27,97.7,178.0,170,0,140,44.1,3,MID
Emil Krafth,45,0,27,87.7,240.4,88,0,222,41.6,5,DEF
James McArthur,45,0,26,202.2,285.2,65,3,228,55.2,4,MID
Ethan Ampadu,44,0,41,189.6,458.0,51,4,341,70.1,2,DEF
Jamaal Lascelles,44,0,32,38.1,345.2,161,3,229,54.7,2,DEF
Jamal Lewis,44,0,37,224.8,272.6,47,3,261,54.2,3,DEF
Oliver McBurnie,44,0,27,207.8,182.6,444,2,101,83.1,0,FWD
Dean Henderson,44,40,12,0.0,275.4,0,1,218,27.5,4,GK
Robbie Brady,44,0,6,133.9,174.2,168,3,157,47.2,7,MID
James Milner,44,0,10,242.0,200.0,108,2,204,55.2,4,MID
Moussa Sissoko,44,0,22,94.5,182.2,69,2,214,34.6,5,MID
Davinson Sanchez,43,0,22,20.0,319.2,114,3,256,45.5,4,DEF
Raul Jimenez,43,0,10,96.2,177.4,275,7,148,55.0,4,FWD
Daniel James,43,0,7,145.7,186.0,285,1,145,61.5,4,MID
Issa Diop,42,0,22,17.4,375.6,48,1,234,44.3,2,DEF
Arthur Masuaku,42,0,15,200.5,187.4,62,4,209,45.0,4,DEF
Joel Matip,42,0,5,42.4,179.0,84,5,194,30.6,3,DEF
David Luiz,41,0,20,46.7,250.6,144,0,230,43.9,3,DEF
Dara O'Shea,41,0,51,71.2,439.8,44,1,288,55.8,3,DEF
Jack Stephens,41,0,39,85.6,351.0,104,6,288,54.2,4,DEF
Michy Batshuayi,41,0,15,113.5,132.8,210,2,113,45.5,2,FWD
Karlan Grant,41,0,26,63.8,93.0,259,3,104,41.2,3,FWD
Sebastian Haller,41,0,12,131.6,169.6,361,4,113,66.2,3,FWD
Sean Longstaff,41,0,26,182.8,179.2,148,1,168,50.8,2,MID
Nampalys Mendy,41,0,25,118.7,153.0,23,0,234,29.6,4,MID
Paul Dummett,40,0,20,68.1,274.4,45,2,204,38.8,3,DEF
Willian Jose,40,0,13,165.9,89.6,256,3,131,50.9,5,FWD
Josh Maja,40,0,9,103.2,138.0,314,5,123,55.3,5,FWD
Isaac Hayden,40,0,33,117.7,278.0,155,0,211,55.3,4,MID
Martin Odegaard,40,0,12,322.8,169.8,167,3,183,65.9,3,MID
Fabian Balbuena,39,0,19,9.0,260.8,79,0,193,35.0,4,DEF
Jayden Bogle,39,0,20,72.7,217.6,278,0,151,57.0,2,DEF
Scott Dann,39,0,24,17.0,284.6,99,1,233,40.3,2,DEF
Billy Sharp,39,0,15,68.1,121.2,162,6,101,34.9,0,FWD
Grady Diangana,39,0,33,102.3,169.4,162,0,113,43.4,1,MID
Ryan Fraser,39,0,18,395.0,142.8,165,0,154,70.1,4,MID
Robin Koch,38,0,21,52.2,230.2,131,2,220,41.4,4,DEF
Sergio Aguero,38,0,4,102.2,200.6,326,3,155,62.2,4,FWD
Aaron Connolly,38,0,17,74.1,104.2,307,2,95,48.2,1,FWD
Mathew Ryan,37,24,21,10.7,193.6,2,0,216,20.6,3,GK
Dennis Praet,37,0,11,132.1,119.2,120,1,129,36.9,3,MID
Calum Chambers,36,0,10,169.4,171.8,77,3,168,41.9,2,DEF
Edward Nketiah,36,0,6,97.3,116.6,211,5,120,42.1,1,FWD
Gabriel Teodoro Martinelli Silva,36,0,3,133.8,142.6,300,0,107,57.5,4,MID
Nemanja Matic,36,0,18,149.0,218.4,80,0,223,44.7,4,MID
Nathan Tella,36,0,11,86.0,94.6,203,2,76,38.2,2,MID
Tariq Lamptey,35,0,15,162.9,147.8,156,2,156,46.7,2,DEF
Steven Alzate,35,0,17,154.9,132.2,88,3,141,37.6,5,MID
Giovani Lo Celso,35,0,10,222.8,169.2,155,0,149,54.3,5,MID
Pablo Mari,34,0,8,26.4,163.2,16,1,182,20.6,4,DEF
Rhian Brewster,34,0,16,157.2,66.8,255,0,87,47.3,2,FWD
Okay Yokuslu,34,0,20,88.6,200.0,91,0,195,38.0,4,MID
Ahmed El Mohamady,33,0,9,201.8,170.4,65,4,190,43.9,3,DEF
Jack Cork,33,0,24,126.2,140.0,82,0,154,34.9,4,MID
Romaine Sawyers,33,0,42,102.4,152.4,13,0,196,26.7,1,MID
Kortney Hause,32,0,6,2.2,147.0,57,3,124,20.7,3,DEF
Jack Robinson,32,0,11,27.7,148.2,46,3,149,22.2,2,DEF
Juan Mata,32,0,6,132.8,108.4,86,3,126,32.7,1,MID
Donny van de Beek,32,0,12,58.4,117.0,70,0,133,24.5,0,MID
Eric Bailly,31,0,17,8.3,175.6,26,6,178,21.1,3,DEF
Dwight Gayle,31,0,9,89.4,79.6,263,3,79,42.4,0,FWD
Sander Berge,31,0,23,181.7,178.0,138,1,152,49.8,0,MID
Ibrahima Diallo,31,0,22,143.2,120.4,66,0,132,32.9,3,MID
Fabian Schar,30,0,21,9.0,251.0,116,1,160,37.6,2,DEF
Andy Carroll,30,0,8,37.1,64.0,187,3,78,27.7,1,FWD
Hal Robson-Kanu,30,0,12,66.7,101.4,149,3,69,31.5,0,FWD
Fraser Forster,30,20,11,0.0,191.0,0,0,147,19.1,2,GK
Bamidele Alli,30,0,9,132.1,103.4,165,0,101,39.9,3,MID
Nathan Ake,29,0,13,46.9,156.0,44,1,150,24.7,3,DEF
Kean Bryan,29,0,17,57.5,220.4,49,0,149,32.7,2,DEF
Nathaniel Clyne,28,0,22,84.3,150.8,34,0,172,27.2,2,DEF
Ryan Fredericks,28,0,9,166.8,155.2,96,0,127,41.9,1,DEF
Javier Manquillo,28,0,15,93.5,109.8,18,0,136,22.2,3,DEF
Cedric Soares,28,0,11,114.8,110.8,66,3,125,29.2,2,DEF
Rhys Williams,28,0,6,29.8,111.6,62,1,135,20.4,3,DEF
Pablo Hernandez,28,0,6,97.9,84.0,153,0,103,33.4,1,MID
Erik Lamela,28,0,17,137.1,115.2,236,0,96,48.4,1,MID
Manuel Lanzini,28,0,5,153.0,121.4,102,0,117,37.5,1,MID
Jacob Ramsey,28,0,10,91.7,72.8,126,0,75,28.9,2,MID
Ricardo Domingos Barbosa Pereira,27,0,19,162.4,183.4,144,0,152,48.9,2,DEF
Joe Bryan,27,0,17,100.4,143.2,85,2,132,32.8,0,DEF
Joe Rodon,27,0,12,3.6,166.2,6,3,169,17.7,2,DEF
Tom Cairney,27,0,15,278.3,170.6,124,2,160,57.3,1,MID
Marvelous Nakamba,27,0,6,32.5,110.8,10,1,115,15.4,4,MID
Mark Noble,27,0,15,88.6,80.4,7,0,132,17.6,0,MID
Ozan Kabak,26,0,9,17.2,131.0,19,1,150,16.7,3,DEF
Luke Thomas,26,0,18,111.7,169.0,101,0,132,38.1,1,DEF
Kepa Arrizabalaga,26,16,8,0.0,113.6,0,5,117,11.3,2,GK
Vitor Ferreira,26,0,8,179.0,80.0,72,0,112,33.3,0,MID
James McCarthy,26,0,15,87.2,112.2,10,0,129,20.9,2,MID
Xherdan Shaqiri,26,0,7,294.2,95.2,86,1,127,47.6,2,MID
Ben Johnson,25,0,10,63.7,98.0,28,0,104,18.9,1,DEF
Alex Nicolao Telles,25,0,11,200.7,168.6,33,3,149,40.1,1,DEF
Robin Olsen,25,21,9,0.0,166.4,0,3,119,16.7,2,GK
Jake Livermore,25,0,35,72.7,136.8,53,0,104,25.9,1,MID
Christian Fuchs,24,0,9,33.9,137.0,22,2,112,19.2,3,DEF
Alireza Jahanbakhsh,24,0,9,162.8,73.2,221,0,102,45.5,1,MID
Keinan Davis,23,0,1,76.7,77.2,169,0,85,31.7,1,FWD
Morgan Gibbs-White,22,0,6,112.8,85.0,114,3,87,31.3,0,MID
Bernard Caldeira Duarte,21,0,7,142.7,104.8,80,1,75,32.7,2,MID
Jakub Moder,21,0,10,62.2,63.8,162,0,59,28.8,2,MID
Alex Oxlade-Chamberlain,21,0,6,32.9,70.8,68,0,58,17.1,0,MID
Branislav Ivanovic,20,0,19,12.7,117.8,61,0,120,19.1,2,DEF
Conor Hourihane,20,0,2,82.9,65.4,33,3,70,18.2,2,MID
Daniel Amartey,19,0,12,10.9,155.0,61,2,121,22.7,0,DEF
Fernando Marcal,19,0,9,61.7,102.6,13,0,104,17.9,1,DEF
Harry Winks,19,0,16,77.6,128.2,24,0,124,22.8,1,MID
James Tomkins,18,0,12,11.4,101.2,29,2,97,14.1,2,DEF
Filip Krovinovic,17,0,11,103.6,74.4,50,0,97,22.8,1,MID
Jamie Shackleton,17,0,11,45.7,52.0,18,0,72,11.4,1,MID
Andriy Yarmolenko,17,0,7,80.3,50.6,106,0,47,23.5,1,MID
Jonathan Castro Otto,16,0,4,31.8,61.0,14,1,58,10.8,1,DEF
Cengiz Under,16,0,5,87.5,73.4,88,0,62,24.9,0,MID
Virgil van Dijk,15,0,11,4.8,82.4,66,1,73,15.3,1,DEF
Jean-Philippe Mateta,15,0,4,16.2,46.6,80,2,45,14.0,0,FWD
Naby Keita,15,0,8,100.5,70.6,119,0,78,29.0,2,MID
Kevin Long,14,0,13,12.0,102.6,25,1,85,14.0,1,DEF
Mohammed Salisu,14,0,19,29.9,188.2,34,0,119,25.4,0,DEF
Japhet Tanganga,14,0,8,29.5,68.8,40,0,81,13.8,2,DEF
Francisco Casilla,14,8,2,0.0,68.0,0,2,58,6.8,1,GK
Hamza Choudhury,14,0,2,13.5,34.0,29,0,59,7.6,2,MID
Ian Carlo Poveda-Ocampo,14,0,5,71.5,55.0,91,0,43,21.8,0,MID
Robert Snodgrass,14,0,14,56.0,76.4,75,0,76,20.7,0,MID
Ki-Jana Hoever,13,0,11,59.7,100.4,26,0,80,18.7,0,DEF
DeAndre Yedlin,13,0,6,41.8,58.6,20,0,68,12.0,1,DEF
Carlos Vinicius Alves Morais,13,0,2,26.9,52.6,142,0,38,22.0,1,FWD
Lys Mousset,13,0,10,35.0,14.2,53,0,14,9.7,0,FWD
Daniel N'Lundulu,13,0,1,12.2,3.2,16,0,32,3.1,0,FWD
Josh Onomah,13,0,12,28.7,33.6,47,0,46,10.7,0,MID
Daniel Jebbison,12,0,2,15.1,52.4,66,1,38,13.1,2,FWD
Shane Long,12,0,6,6.4,9.8,19,0,21,3.4,1,FWD
Fabio Carvalho,12,0,6,30.8,72.4,161,0,42,26.5,0,MID
Neco Williams,11,0,1,47.8,42.0,34,0,51,12.2,1,DEF
Joshua King,11,0,2,5.6,13.4,31,0,18,5.0,0,FWD
Adrian Castillo,11,10,9,0.0,59.6,0,2,60,5.9,1,GK
Anthony Elanga,11,0,2,19.7,51.6,29,2,32,10.0,0,MID
Joseph Gomez,10,0,14,18.1,106.8,0,0,94,12.5,0,DEF
Tim Ream,10,0,13,8.1,133.6,2,0,103,14.5,0,DEF
Divock Origi,10,0,0,33.2,17.8,60,0,23,11.1,1,FWD
Caoimhin Kelleher,10,6,1,0.0,57.8,0,0,41,5.8,1,GK
Darren Randolph,10,6,3,0.0,46.2,0,0,46,4.7,1,GK
Josh Benson,10,0,7,7.9,16.0,13,0,27,3.7,1,MID
Matthew Longstaff,10,0,8,35.6,32.6,2,0,47,7.0,1,MID
Morgan Sanson,10,0,4,28.8,25.8,10,0,29,6.2,1,MID
Jimmy Dunne,9,0,6,22.1,79.6,81,0,50,18.3,0,DEF
Max Lowe,9,0,10,39.8,99.2,45,0,49,18.4,0,DEF
Andi Zeqiri,9,0,2,18.8,16.0,107,0,25,14.2,0,FWD
Owen Otasowie,9,0,6,25.9,38.2,34,0,33,9.8,0,MID
Davy Propper,9,0,2,5.1,24.0,52,0,38,8.2,0,MID
Gaetano Berardi,8,0,0,0.9,17.2,18,1,30,3.6,1,DEF
Fabian Delph,8,0,6,29.8,37.0,1,0,48,6.8,0,MID
Amad Diallo,8,0,3,31.2,38.0,9,0,34,7.8,0,MID
Billy Gilmour,8,0,2,50.9,36.0,8,0,38,9.5,1,MID
Kamil Grosicki,8,0,5,35.2,22.4,15,0,29,7.2,0,MID
Aboubakar Kamara,8,0,9,76.8,22.6,39,0,14,13.2,0,MID
Dale Stephens,8,0,4,8.3,31.0,41,0,33,8.0,0,MID
Emerson Palmieri dos Santos,7,0,0,7.7,17.4,2,0,24,2.7,1,DEF
Axel Tuanzebe,7,0,8,6.0,95.0,0,0,59,10.0,0,DEF
Scott Carson,7,2,3,0.0,37.4,0,1,27,3.7,0,GK
Percy Tau,7,0,2,35.8,26.8,6,0,31,6.9,0,MID
Eric Garcia,6,0,12,26.4,67.6,5,0,64,9.8,0,DEF
Ahmed El-Sayed Hegazy,6,0,0,0.3,19.6,0,0,24,2.0,1,DEF
Neeskens Kebano,6,0,3,14.6,1.4,47,0,13,5.9,0,MID
Bernardo Fernandes da Silva Junior,5,0,3,32.4,27.2,69,0,30,12.8,0,DEF
Kieran Gibbs,5,0,25,65.1,132.0,10,0,107,20.8,0,DEF
Phil Jagielka,5,0,12,1.9,70.6,2,0,53,7.5,0,DEF
Jonjoe Kenny,5,0,1,8.1,11.0,8,0,19,2.8,0,DEF
Brandon Williams,5,0,3,19.4,26.6,19,0,26,6.5,0,DEF
Charlie Austin,5,0,5,3.9,20.0,26,0,10,5.0,0,FWD
Kyle Edwards,5,0,3,12.8,13.0,39,0,15,6.4,0,MID
William Smallbone,5,0,5,7.4,16.8,9,0,17,3.3,0,MID
Mamadou Sakho,4,0,8,1.6,36.6,6,0,33,4.5,0,DEF
Michael Obafemi,4,0,2,10.8,5.6,4,0,12,2.0,0,FWD
Cenk Tosun,4,0,3,11.6,2.2,4,0,12,1.8,0,FWD
John Ruddy,4,3,1,0.0,25.4,0,0,19,2.5,0,GK
Wes Morgan,3,0,0,0.1,3.0,0,0,9,0.3,0,DEF
Shkodran Mustafi,3,0,1,1.0,11.6,0,0,16,1.3,0,DEF
Jack O'Connell,3,0,3,2.5,40.2,0,0,19,4.3,0,DEF
Yan Valery,3,0,4,22.1,26.0,12,0,12,6.0,0,DEF
Wesley Moraes,3,0,1,1.1,5.0,17,0,11,2.3,0,FWD
Joel Mumbongo,3,0,1,1.8,0.0,0,0,5,0.1,0,FWD
Will Norris,3,0,4,10.0,15.2,0,0,20,2.6,0,GK
Bailey Peacock-Farrell,3,10,14,0.0,82.6,0,0,49,8.2,0,GK
Sam Field,3,0,2,0.5,20.0,0,0,16,2.0,0,MID
Anthony Gordon,3,0,0,12.7,14.4,4,0,11,3.1,0,MID
Sidnei Tavares,3,0,1,1.2,9.6,9,0,10,2.0,0,MID
Phil Bardsley,2,0,8,12.9,39.4,6,0,28,5.9,0,DEF
Leif Davis,2,0,0,0.6,2.8,0,0,5,0.3,0,DEF
Sead Kolasinac,2,0,1,5.4,3.6,4,0,9,1.3,0,DEF
Terence Kongolo,2,0,1,4.7,16.8,2,0,15,2.4,0,DEF
Niels Nkounkou,2,0,1,5.7,15.0,1,0,9,2.2,0,DEF
Lee Peltier,2,0,8,20.3,45.6,0,0,25,6.7,0,DEF
Patrick Cutrone,2,0,0,0.0,0.0,4,0,5,0.2,0,FWD
Jack Butland,2,3,2,0.0,16.6,0,0,14,1.7,0,GK
David Button,2,4,2,0.0,23.4,0,0,18,2.3,0,GK
Marek Rodak,2,4,5,0.0,32.6,0,0,23,3.2,0,GK
Zack Steffen,2,1,1,0.0,9.6,0,0,8,1.0,0,GK
Joao Virginia,2,3,0,0.0,25.0,0,0,10,2.5,0,GK
Carney Chukwuemeka,2,0,0,1.1,1.0,5,0,7,0.6,0,MID
Rekeem Harper,2,0,2,2.3,6.0,7,0,7,1.6,0,MID
Reiss Nelson,2,0,0,9.7,4.2,10,0,2,2.4,0,MID
Caleb Watts,2,0,0,4.4,5.4,0,0,6,0.9,0,MID
Oskar Buur,1,0,0,0.5,0.6,0,0,2,0.1,0,DEF
Maxime Le Marchand,1,0,1,1.6,12.6,1,0,12,1.6,0,DEF
Denis Odoi,1,0,10,20.8,35.4,8,0,34,6.4,0,DEF
Ruben Vinagre,1,0,7,25.3,31.2,0,0,24,5.7,0,DEF
Jake Vokins,1,0,2,14.8,1.8,0,0,5,1.7,0,DEF
Liam Delap,1,0,4,0.3,0.0,4,0,0,0.2,0,FWD
Niall Huggins,1,0,0,0.9,2.6,2,0,4,0.6,0,FWD
Islam Slimani,1,0,1,11.7,0.2,6,0,3,1.8,0,FWD
Willy Caballero,1,0,3,0.0,4.2,0,0,7,0.4,0,GK
Alex Runnarsson,1,2,0,0.0,16.6,0,0,8,1.7,0,GK
Demarai Gray,1,0,0,1.3,0.2,3,0,3,0.5,0,MID
Timothy Fosu-Mensah,0,0,2,30.5,17.8,16,0,17,6.4,0,DEF
Michael Hector,0,0,10,11.3,40.8,18,0,32,6.9,0,DEF
Fikayo Tomori,0,0,2,0.1,26.6,0,0,8,2.7,0,DEF
Neil Taylor,-1,0,2,0.7,0.8,0,0,1,0.2,0,DEF
Kayne Ramsay,-3,0,9,0.0,13.2,0,0,5,1.3,0,DEF
